<?xml version="1.0" encoding="UTF-8"?>
<project-private xmlns="http://www.netbeans.org/ns/project-private/1">
    <editor-bookmarks xmlns="http://www.netbeans.org/ns/editor-bookmarks/2" lastBookmarkId="0"/>
    <open-files xmlns="http://www.netbeans.org/ns/projectui-open-files/2">
        <group>
            <file>file:/C:/Users/Hp/OneDrive/Desktop/emertex/mc/projects/can_dashboard/ECU_2.X/sensor.h</file>
            <file>file:/C:/Users/Hp/OneDrive/Desktop/emertex/mc/projects/can_dashboard/ECU_2.X/sensor.c</file>
            <file>file:/C:/Users/Hp/OneDrive/Desktop/emertex/mc/projects/can_dashboard/ECU_2.X/can.h</file>
            <file>file:/C:/Users/Hp/OneDrive/Desktop/emertex/mc/projects/can_dashboard/ECU_2.X/main.c</file>
        </group>
    </open-files>
</project-private>
